{
  "Cataract": {
    "precision": 0.9926470588235294,
    "recall": 0.9926470588235294,
    "f1-score": 0.9926470588235294,
    "support": 544.0
  },
  "Conjunctivitis": {
    "precision": 0.988795518207283,
    "recall": 0.988795518207283,
    "f1-score": 0.988795518207283,
    "support": 357.0
  },
  "Eyelid Drooping": {
    "precision": 0.9923076923076923,
    "recall": 0.9828571428571429,
    "f1-score": 0.9875598086124402,
    "support": 525.0
  },
  "Normal": {
    "precision": 0.9969230769230769,
    "recall": 0.9984591679506933,
    "f1-score": 0.9976905311778291,
    "support": 649.0
  },
  "Uveitis": {
    "precision": 0.973568281938326,
    "recall": 0.9910313901345291,
    "f1-score": 0.9822222222222222,
    "support": 223.0
  },
  "accuracy": 0.9912967798085291,
  "macro avg": {
    "precision": 0.9888483256399816,
    "recall": 0.9907580555946355,
    "f1-score": 0.9897830278086609,
    "support": 2298.0
  },
  "weighted avg": {
    "precision": 0.991327390016041,
    "recall": 0.9912967798085291,
    "f1-score": 0.9912992209797641,
    "support": 2298.0
  }
}